Market;Country
Africa;Algeria
Africa;Angola
Africa;Benin
Africa;Botswana
Africa;Burkina Faso
Africa;Burundi
Africa;Cameroon
Africa;Central African Republic
Africa;Chad
Africa;Cote d'Ivoire
Africa;Democratic Republic of the Congo
Africa;Djibouti
Africa;Egypt
Africa;Equatorial Guinea
Africa;Eritrea
Africa;Ethiopia
Africa;Gabon
Africa;Ghana
Africa;Guinea
Africa;Guinea-Bissau
Africa;Kenya
Africa;Lesotho
Africa;Liberia
Africa;Libya
Africa;Madagascar
Africa;Malawi
Africa;Mali
Africa;Mauritania
Africa;Morocco
Africa;Mozambique
Africa;Namibia
Africa;Niger
Africa;Nigeria
Africa;Republic of the Congo
Africa;Rwanda
Africa;Senegal
Africa;Sierra Leone
Africa;Somalia
Africa;South Africa
Africa;South Sudan
Africa;Sudan
Africa;Swaziland
Africa;Tanzania
Africa;The Gambia
Africa;Togo
Africa;Tunisia
Africa;Uganda
Africa;Western Sahara
Africa;Zambia
Africa;Zimbabwe
Asia Pacific;Afghanistan
Asia Pacific;Armenia
Asia Pacific;Australia
Asia Pacific;Azerbaijan
Asia Pacific;Bahrain
Asia Pacific;Bangladesh
Asia Pacific;Bhutan
Asia Pacific;Cambodia
Asia Pacific;China
Asia Pacific;Georgia
Asia Pacific;Hong Kong
Asia Pacific;India
Asia Pacific;Indonesia
Asia Pacific;Iran
Asia Pacific;Iraq
Asia Pacific;Israel
Asia Pacific;Japan
Asia Pacific;Jordan
Asia Pacific;Kazakhstan
Asia Pacific;Kuwait
Asia Pacific;Kyrgyzstan
Asia Pacific;Laos
Asia Pacific;Lebanon
Asia Pacific;Malaysia
Asia Pacific;Mongolia
Asia Pacific;Myanmar (Burma)
Asia Pacific;Nepal
Asia Pacific;New Zealand
Asia Pacific;Oman
Asia Pacific;Pakistan
Asia Pacific;Papua New Guinea
Asia Pacific;Philippines
Asia Pacific;Qatar
Asia Pacific;Saudi Arabia
Asia Pacific;Singapore
Asia Pacific;South Korea
Asia Pacific;Sri Lanka
Asia Pacific;Syria
Asia Pacific;Taiwan
Asia Pacific;Tajikistan
Asia Pacific;Thailand
Asia Pacific;Turkey
Asia Pacific;Turkmenistan
Asia Pacific;United Arab Emirates
Asia Pacific;Uzbekistan
Asia Pacific;Vietnam
Asia Pacific;Yemen
Europe;Albania
Europe;Austria
Europe;Belarus
Europe;Belgium
Europe;Bosnia and Herzegovina
Europe;Bulgaria
Europe;Croatia
Europe;Cyprus
Europe;Czech Republic
Europe;Denmark
Europe;Estonia
Europe;Finland
Europe;France
Europe;Germany
Europe;Greece
Europe;Hungary
Europe;Ireland
Europe;Italy
Europe;Lithuania
Europe;Luxembourg
Europe;Macedonia
Europe;Moldova
Europe;Montenegro
Europe;Netherlands
Europe;Norway
Europe;Poland
Europe;Portugal
Europe;Romania
Europe;Russia
Europe;Serbia
Europe;Slovakia
Europe;Slovenia
Europe;Spain
Europe;Sweden
Europe;Switzerland
Europe;Ukraine
Europe;United Kingdom
LATAM;Argentina
LATAM;Barbados
LATAM;Belize
LATAM;Bolivia
LATAM;Brazil
LATAM;Chile
LATAM;Colombia
LATAM;Costa Rica
LATAM;Cuba
LATAM;Dominican Republic
LATAM;Ecuador
LATAM;El Salvador
LATAM;French Guiana
LATAM;Guadeloupe
LATAM;Guatemala
LATAM;Guyana
LATAM;Haiti
LATAM;Honduras
LATAM;Jamaica
LATAM;Martinique
LATAM;Mexico
LATAM;Nicaragua
LATAM;Panama
LATAM;Paraguay
LATAM;Peru
LATAM;Suriname
LATAM;Trinidad and Tobago
LATAM;Uruguay
LATAM;Venezuela
USCA;Canada
USCA;United States
